๏ฟฝ๏ฟฝ๏ฟฝ๏ฟฝIP๏ฟฝ๏ฟฝึท/๏ฟฝ๏ฟฝ๏ฟฝ๏ฟฝURL๏ฟฝ๏ฟฝึท/๏ฟฝ๏ฟฝ๏ฟฝ๏ฟฝ/๏ฟฝ๏ฟฝ๏ฟฝ๏ฟฝ๏ฟฝึท,๏ฟฝ๏ฟฝอพหต๏ฟฝ๏ฟฝ
http://www.apache.org/licenses/LICENSE-2.0,License
pmail_mindstudio@huawei.com,MindStudio๏ฟฝูท๏ฟฝ๏ฟฝ๏ฟฝ๏ฟฝ๏ฟฝ
https://gitee.com/ascend/mstt/tree/26.0.0/plugins/tensorboard-plugins/tb_graph_ascend,๏ฟฝ๏ฟฝ๏ฟฝ๏ฟฝึต๏ฟฝึท
https://npms.io,npm๏ฟฝ๏ฟฝ๏ฟฝ๏ฟฝ๏ฟฝ๏ฟฝ๏ฟฝ๏ฟฝ๏ฟฝ฿น๏ฟฝ๏ฟฝ๏ฟฝ๏ฟฝ๏ฟฝึท
http://codepen.io/shyndman/pen/,๏ฟฝ๏ฟฝ๏ฟฝ๏ฟฝ๏ฟฝ๏ฟฝ๏ฟฝ๋ฃฌืข๏ฟฝ๏ฟฝ
https://github.com/webcomponents/shadycss/issues/193,๏ฟฝ๏ฟฝ๏ฟฝ๏ฟฝ๏ฟฝ๏ฟฝ๏ฟฝ๋ฃฌืข๏ฟฝ๏ฟฝ
http://jsbin.com/temexa/4,๏ฟฝ๏ฟฝ๏ฟฝ๏ฟฝ๏ฟฝ๏ฟฝ๏ฟฝ๋ฃฌืข๏ฟฝ๏ฟฝ
https://fonts.googleapis.com/,๏ฟฝ๏ฟฝ๏ฟฝ๏ฟฝ๏ฟฝ๏ฟฝ๏ฟฝ๋ฃฌ๏ฟฝ๏ฟฝ๏ฟฝ๏ฟฝ๏ฟฝสฝ๏ฟฝฤผ๏ฟฝ
https://developer.mozilla.org/,๏ฟฝ๏ฟฝ๏ฟฝ๏ฟฝ๏ฟฝ๏ฟฝ๏ฟฝ๋ฃฌืข๏ฟฝ๏ฟฝ
https://github.com/vaadin/vaadin-time-picker/issues/145,๏ฟฝ๏ฟฝ๏ฟฝ๏ฟฝ๏ฟฝ๏ฟฝ๏ฟฝ๋ฃฌืข๏ฟฝ๏ฟฝ
